source_branch	source_sha	file_count	canonical_branch	alias_branch
a317940-axle-temp	89d6fcd4947335b236b15610f9f9f8f95909bd6c	28	migrated/test-expo-app/a317940-axle-temp	a317940-axle-temp
a317940-proof	1cea8d7ab0cbb1d3878873e254e03bce75922883	38	migrated/test-expo-app/a317940-proof	a317940-proof
formal-conjectures-wowii-campaign	1a68a990fc52dd29fadc26bcccfc2efe332b9fdc	3	migrated/test-expo-app/formal-conjectures-wowii-campaign	formal-conjectures-wowii-campaign
formal-conjectures-wowii-65-proof	483efc0277229735da67e86d6ee4dbf44e34688c	1	migrated/test-expo-app/formal-conjectures-wowii-65-proof	formal-conjectures-wowii-65-proof
verify-wowii-143-isolated	761119ed450b626524f1d63003b65824348b8e3b	23	migrated/test-expo-app/verify-wowii-143-isolated	verify-wowii-143-isolated
wow143-kernel-audit-trigger	f3466791015a8765276be181a82a92d81cf9f1e8	24	migrated/test-expo-app/wow143-kernel-audit-trigger	wow143-kernel-audit-trigger
wow314-bipartite-audit-1	7369df79edbdc8db329271c9af137413799cecb3	31	migrated/test-expo-app/wow314-bipartite-audit-1	wow314-bipartite-audit-1
wow314-bipartite-audit-2	d555f93d5da72716a74520ea0a391af7796394cd	34	migrated/test-expo-app/wow314-bipartite-audit-2	wow314-bipartite-audit-2
wow314-full-audit-1	dc820b83b55902035fe757636cf806eca29c8471	39	migrated/test-expo-app/wow314-full-audit-1	wow314-full-audit-1
wow314-isolated-audit-1	924e347365271522227017ec56c3cf2e0e3a0a05	40	migrated/test-expo-app/wow314-isolated-audit-1	wow314-isolated-audit-1
wow160-ci-base	2823819a49d6ec5a0f3f7711213a0358e4d136b2	41	migrated/test-expo-app/wow160-ci-base	wow160-ci-base
wow314-isolated-audit-2	784019e222d21cd5e7dad7f4a8dc15528b1253ba	42	migrated/test-expo-app/wow314-isolated-audit-2	wow314-isolated-audit-2
wow160-ci-trigger	b3d13a9de57ac8db7e8a0bfbdf5028db45981721	46	migrated/test-expo-app/wow160-ci-trigger	wow160-ci-trigger
wow3-package-base	2de2a2cbc5ec2865f65dc9161aaf19ea4a472eca	42	migrated/test-expo-app/wow3-package-base	wow3-package-base
wow3-package-trigger	999f914250ed5536439ddb892d01ecf66ced5d40	43	migrated/test-expo-app/wow3-package-trigger	wow3-package-trigger
wow314-isolated-audit-3	55f2dd176d499cdc42da5d80a6bc5e07ef1f7466	42	migrated/test-expo-app/wow314-isolated-audit-3	wow314-isolated-audit-3
wow314-isolated-audit-4	5dfa4a063fe33f6c29d6ed81768baf8449b6503c	43	migrated/test-expo-app/wow314-isolated-audit-4	wow314-isolated-audit-4
wow314-isolated-audit-5	86c4565d7e0d041af8f12ce1ea93bcb8e0040bc3	43	migrated/test-expo-app/wow314-isolated-audit-5	wow314-isolated-audit-5
wow314-isolated-audit-6	b0ffdc070710b56515e7ebb020423c00c14dec0c	45	migrated/test-expo-app/wow314-isolated-audit-6	wow314-isolated-audit-6
